id,title,year,fund,fileUrl,featured,desc
172,Research on HF Injection Sensorless Control with DC Shunt Current Detection for Air Conditioner 2nd Year (R04/68),2025,"Carrier Japan Corporation, Japan ",,,
171,โครงการพัฒนากฎระเบียบการกำกับกิจการพลังงานเพื่อรองรับการซื้อขายไฟฟ้าพลังงานหมุนเวียน และเทคโนโลยีพลิกโฉม (Disruptive Technology) (R03/68),2025,สำนักงานคณะกรรมการกำกับกิจการพลังงาน (สำนักงาน กกพ.),,,
170,ศึกษาวิจัยวิธีการเหมาะสมในการจำกัดกระแสลัดวงจรในระบบจำหน่ายพื้นที่วงจรตาข่ายการไฟฟ้านครหลวง (R02/68),2025,การไฟฟ้านครหลวง (กฟน.),,,
169,การพัฒนามาตรฐานประสิทธิภาพพลังงานโคมไฟถนนแอลอีดีเซลล์แสงอาทิตย์ในโครงการฉลากแสดงระดับประสิทธิภาพพลังงาน (ฉลากเบอร์ 5) (R05/68),2025,การไฟฟ้าฝ่ายผลิตแห่งประเทศไทย (กฟผ.),,,
168,ความร่วมมือโครงการ “CEFIA Flagship Project Dissemination for RENKEI Control to ASEAN Countries” ปีที่ 5 (Year 2024) (R01/68),2025,Japan Electronics and Information Technology Industries Association (JEITA),,,
167,งานจ้างที่ปรึกษาเพื่อการทบทวนและวิเคราะห์ผลประโยชน์จากแผนการพัฒนาระบบโครงข่ายสมาร์ทกริด (Smart Grid) ของการไฟฟ้าทั้ง 3 แห่ง,2025,การไฟฟ้าส่วนภูมิภาค (กฟภ.),,,
166,Technical Report: แนวโน้มของเทคโนโลยีบริเวณขอบโครงข่ายไฟฟ้าสู่พลังงานหมุนเวียนเต็มร้อย (Outlook for Grid Edge Technologies toward RE100),2024,CEPT,"[{""name"": ""Full Report"", ""link"": ""https://www.cept.eng.chula.ac.th/th/wp-content/uploads/2024/07/merged_100dpi_75.pdf""}, {""name"": ""Ch1: Future Power Grid"", ""link"": ""https://drive.google.com/uc?export=download&id=1Ay8rvNvqdG9Flprz_E5vPRFUZ9huSmoJ""}, {""name"": ""Ch2: Power Electronics"", ""link"": ""https://drive.google.com/uc?export=download&id=1VijSpy8aryTzSliGDqEtr0MysCgOMTXq""}, {""name"": ""Ch3: Grid Edge Monitoring"", ""link"": ""https://drive.google.com/uc?export=download&id=1Vq7y3DuzYHt1XYx9IlCneywB7dqm-u1q""}, {""name"": ""Ch4: Communication Tech"", ""link"": ""https://drive.google.com/uc?export=download&id=1C-3CxnZJzTQZUR3D0ewF6pHwU2BcbpfT""}, {""name"": ""Ch5: Data Analytics"", ""link"": ""https://drive.google.com/uc?export=download&id=1VtK33ZeGRYWUjPl63ErPHH7X9MIDVGWE""}, {""name"": ""Ch6: BAS & EMS"", ""link"": ""https://drive.google.com/uc?export=download&id=1VujzOj0qRprH4aZ9jqlTEiWBWqXRNr13""}, {""name"": ""Ch7: Power Forecasting"", ""link"": ""https://drive.google.com/uc?export=download&id=1VvC9xgcDPDl891y1MUYby1dgrwDGn3D3""}, {""name"": ""Ch8: Transactive Energy"", ""link"": ""https://drive.google.com/uc?export=download&id=1Vv_eADhI2EjtFgBq_P-imI_FYyut-zfZ""}, {""name"": ""Ch9: RE100 Concept"", ""link"": ""https://drive.google.com/uc?export=download&id=1ArLHeJEM3t6Xg3E2-jqsWBHA1T6RITyY""}]",True,
165,โครงการการประเมินผลกระทบของการพยากรณ์กำลังผลิตไฟฟ้าพลังงานแสงอาทิตย์และพลังงานลมต่อค่าใช้จ่ายด้านการจัดสรรกำลังการผลิตอย่างคุ้มค่าและความมั่นคงเชิงความถี่ในระบบส่งไฟฟ้า (R03/67),2024,การไฟฟ้าฝ่ายผลิตแห่งประเทศไทย (กฟผ.),,,
164,โครงการศึกษาความเป็นไปได้ในการประยุกต์ใช้เทคโนโลยีที่เหมาะสมสำหรับระบบไฟฟ้า บนเกาะสมุย เพื่อความยั่งยืนและลดการปลดปล่อยก๊าซเรือนกระจก (ระยะที่ 1) (R04/67),2024,สำนักงานพัฒนาวิทยาศาสตร์และเทคโนโลยีแห่งชาติ (สวทช.),,,
163,โครงการวิจัยและพัฒนาเครื่องกระตุ้นไฟฟ้าช่วยในการรักษาโดยวิธีฝังเข็ม ระยะที่ 1 (R05/67),2024,คลินิกการประกอบโรคศิลปะ สาขาการแพทย์แผนจีนหัวเฉียว,,,
162,โครงการให้คำปรึกษา วิเคราะห์ ออกแบบวิจัย พัฒนาหลอดไฟแอลอีดีของโคมไฟถนนสำหรับการให้แสงสว่างให้เป็นไปตามมาตรฐาน มอก. 2954-2562 (TCS01/67),2024,บริษัท ดี.พี. เทรดดิ้ง จำกัด,,,
161,ที่ปรึกษาเพื่อพัฒนามาตรฐานการทดสอบอุปกรณ์ DC Decoupler (R02/66),2023,บมจ ปตท.,,,
160,โครงการระบบศูนย์กลางแจ้งเตือนเหตุการณ์ผิดปกติของระบบจำหน่ายไฟฟ้า (POINTEN) (R03/66),2023,บ. โกลบอล เพาเวอร์ ซินเนอร์ยี่ (มหาชน) จำกัด,,,
159,โครงการจ้างที่ปรึกษาจัดทำคุณลักษณะเฉพาะและมาตรฐานโคมไฟทางพิเศษแอลอีดีและศึกษาโครงสร้างพื้นฐานของระบบไฟฟ้าเพื่อเสริมสร้างความมั่นคงด้านพลังงาน (R06/66),2023,การทางพิเศษแห่งประเทศไทย,,,
158,โครงการวิจัยเพื่อการศึกษา ออกแบบ และจัดทำหลักเกณฑ์การบริหารสายอาชีพผู้เชี่ยวชาญ (R08/66),2023,บ. โกลบอล เพาเวอร์ ซินเนอร์ยี่ (มหาชน) จำกัด (GPSC),,,
157,โครงการการวิจัยและพัฒนาเครื่องตรวจการเฝ้าระวังบริเวณโดยรอบโครงข่ายไฟฟ้า (Research & Development of mPMU for Grid Edge Operation) (R09/66),2023,มูลนิธินิสิตเก่า จุฬาลงกรณ์มหาวิทยาลัย,,,
156,โครงการพัฒนาหลักเกณฑ์และข้อกำหนดของไฟส่องสว่างประสิทธิภาพสูงบนทางหลวง,2022,กรมทางหลวง,,,
155,โครงการความร่วมมือปีที่ 2 (Year 2021) เรื่อง CEFIA Flagship Project Dissemination for RENKEI Control to ASEAN Countries,2022,"JEITA, Japan ",,,
154,โครงการพัฒนาหลักเกณฑ์และข้อกำหนดของไฟส่องสว่างประสิทธิภาพสูงบนทางหลวง (R04/65),2022,สำนักอำนวยความปลอดภัย กรมทางหลวง,,,
153,โครงการแนวโน้มของเทคโนโลยีริมขอบโครงข่ายไฟฟ้าสู่พลังงานหมุนเวียนเต็มร้อย (Outlook for Grid Edge Technology toward RE100) (R06/65 (IO)),2022,เงินรายได้ของศูนย์เชี่ยวชาญ,,,
152,โครงการเพื่อจัดทำแผนธุรกิจ Power Retailer (EGAT Green Power),2021,การไฟฟ้าฝ่ายผลิตแห่งประเทศไทย,,,
151,โครงการเพิ่มประสิทธิภาพการจัดการและลดต้นทุนพลังงานระบบอัดอากาศ บ. ไทยน้ำทิพย์,2021,บ. ไทยน้ำทิพย์ จก,,,
150,Project Impact Study of Solar PV Penetration in B.Grimm Power System,2021,B. Grimm Amata Power,,,
149,โครงการวิจัยเรื่อง Research of High Efficiency Inverter System for Air Conditioner 2nd Year,2021,"Toshiba Carrier Corp, Japan ",,,
148,โครงการจ้างที่ปรึกษาเพื่อศึกษาและดำเนินโครงการสนับสนุนการปรับปรุงประสิทธิภาพการจัดการพลังงานในระบบอากาศอัด,2021,การไฟฟ้านครหลวง,,,
147,โครงการวิจัยแนวทางการนำปัญญาประดิษฐ์ (Artificial Intelligence: AI) มาใช้ในการบริหารคลื่นความถี่และวิเคราะห์ข้อมูลการตรวจสอบคลื่นความถี่ด้วยเทคโนโลยี Big Data,2020,สำนักงานกองทุนวิจัยและพัฒนา สำนักงาน กสทช.,,,
146,โครงการความร่วมมือเรื่อง CEFIA Flagship Project Dissemination for RENKEI Control to ASEAN Countries,2020,"JEITA, Japan ",,,
145,โครงการวิจัยและพัฒนาการบูรณาการบริหารจัดการน้ำเข้ากับการวางแผนและการดำเนินการของระบบกักเก็บพลังงานสำหรับระบบการผลิตไฟฟ้าผสมผสานตามแผนพัฒนากำลังผลิตไฟฟ้าจากพลังงานรูปแบบใหม่ของ กฟผ.,2020,การไฟฟ้าฝ่ายผลิตแห่งประเทศไทย,,,
144,การศึกษาออกแบบและพัฒนาโคมไฟ LED แบบใหม่ใช้ทดแทนโคมไฟ HID เพื่อเพิ่มสมรรถนะทางแสงและประสิทธิภาพพลังงาน,2020,บริษัท ฉื่อ จิ้น ฮั้ว จำกัด,,,
143,การศึกษาและพัฒนาศูนย์ควบคุมการตอบสนองด้านโหลด,2020,การไฟฟ้าฝ่ายผลิตแห่งประเทศไทย,,,
142,โครงการวิจัยการออกแบบเชิงแนวคิดระบบกักเก็บพลังงานสำหรับการผลิตไฟฟ้าผสมผสานตามแผนพัฒนากำลังผลิตไฟฟ้าจากพลังงานรูปแบบใหม่ของ กฟผ.,2019,การไฟฟ้าฝ่ายผลิตแห่งประเทศไทย,,,
141,โครงการวิจัย Investigate cause of transient response instability in regeneration on sensor-less vector control for flywheel,2019,"Sanken Electric Co., Ltd. ",,,
140,โครงารงานจ้างที่ปรึกษาตรวจสอบเอกสาร และควบคุมงานตรวจสอบ วิเคราะห์ และรายงานผลการดำเนินโครงการจัดให้มีบริการอินเตอร์เน็ตความเร็วสูงในพื้นที่ห่างไกล (Technical Audit) ภายใต้โครงการจัดให้มีบริการอินเทอร์เน็ตความเร็วสูงในพื้นที่ห่างไกล (Zone C),2019,สำนักงาน กสทช.,,,
139,โครงการส่งเสริมการประหยัดไฟฟ้าด้วยหลอด LED กฟน.,2019,การไฟฟ้านครหลวง,,,
138,โครงการพัฒนาแบบจำลองเชิงสถิติของความคลาดเคลื่อนในการพยากรณ์กำลังผลิตไฟฟ้าจากพลังงานแสงอาทิตย์และขั้นตอนวิธีสำหรับการพยากรณ์เชิงพื้นที่,2019,การไฟฟ้าฝ่ายผลิตแห่งประเทศไทย,,,
137,โครงการพัฒนาความพร้อมระดับประเทศของการสื่อสารไร้สายในยุค 5G ภาคหนึ่ง เทคโนโลยีการเข้ารหัส: การถ่ายทอดเทคโนโลยี การพัฒนาบุคลากรด้านกิจการโทรคมนาคม การจัดทำคู่มือความรู้ และสื่อ,2019,สำนักงานกองทุนวิจัยและพัฒนา กสทช.,,,
136,โครงการออกแบบสายส่ง 230 kV เพื่อใช้ในพื้นที่จำกัด,2019,การไฟฟ้าฝ่ายผลิตแห่งประเทศไทย,,,
135,โครงการนำร่องขยายผลการติดตั้งระบบเฝ้าติดตามและการจัดการพลังงานของระบบไฟถนน ในพื้นที่การไฟฟ้านครหลวง เขตสามเสน,2019,การไฟฟ้านครหลวง(กฟน.),,,
134,โครงการจ้างออกแบบระบบวิเคราะห์การทำงานของ Micro-EMS ด้วยระบบทดสอบระยะไกล เพื่อขับเคลื่อนโครงการนำร่องการพัฒนาสมาร์ทกริดที่จังหวัดแม่ฮ่องสอน,2018,การไฟฟ้าฝ่ายผลิตแห่งประเทศไทย,,,
133,โครงการสนับสนุนการปรับปรุงประสิทธิภาพการจัดการพลังงานในระบบอากาศอัดทั้งระบบด้วยระบบควบคุมอัตโนมัติ ตามนโยบาย Thailand 4.0,2018,กรมพัฒนาพลังงานทดแทนและอนุรักษ์พลังงาน (พพ.),,,
132,ที่ปรึกษาเพื่อมาดำเนินการทบทวนมาตรฐานการก่อสร้างระบบไฟฟ้าเหนือดิน ให้มีความมั่นคงแข็งแรงและความปลอดภัยเทียบเท่าระดับสากล,2018,การไฟฟ้าส่วนภูมิภาค,,,
131,Automatic Fault Monitoring System,2018,PTTGC,,,
130,การศึกษาวิจัยการทำฐานข้อมูลคุณภาพไฟฟ้า,2018,การไฟฟ้าส่วนภูมิภาค,,,
129,งานวิจัยเพื่อจัดการฐานข้อมูลคุณภาพไฟฟ้า (PQDM) (R01/61) (งบปี 2561),2018,การไฟฟ้าส่วนภูมิภาค,,,
128,โครงการจัดทำแผนแม่บททางธุรกิจในประชาคมเศรษฐกิจอาเซียน (AEC) ของการไฟฟ้าส่วนภูมิภาค ระยะ 10 ปี พ.ศ. 2561-2570๗,2017,การไฟฟ้าส่วนภูมิภาค,,,
127,โครงการพัฒนาและติดตั้งระบบบริหารจัดการพลังงานสำหรับอาคารจามจุรี 9,2017,จุฬาลงกรณ์มหาวิทยาลัย,,,
126,โครงการที่ปรึกษาและการบริหารด้านวิศวกรรมไฟฟ้าและวิศวกรรมเครื่องกลให้แก่โครงการของบริษัท อีสวอเตอร์ จำกัด (มหาชน),2017,บ. อีสวอเตอร์ จำกัด (มหาชน),,,
125,"โครงการศึกษาเพื่อเสนอแนะการใช้คลื่นความถี่สำหรับการพัฒนาระบบไฟฟ้าให้มีความฉลาดหรือระบบโครงข่าย,สมาร์ดกริด (Smart Grid) ของประเทศไทย",2017,สำนักงานกองทุนวิจัยและพัฒนา กสทช.,,,
124,ศึกษาแนวทางการบูรณาการระบบสมาร์ทกริด ที่อำเภอเมืองแม่ฮ่องสอนของ กฟผ.,2017,การไฟฟ้าฝ่ายผลิตแห่งประเทศไทย,,,
123,โครงการศึกษาความเหมาะสมในการจัดหาระบบผลิตไฟฟ้าจากพลังงานแสงอาทิตย์แบบติดตั้งบนหลังคา สำหรับหน่วยงานราชการโดยวิธีเช่า,2016,กรมบัญชีกลาง กระทรวงการคลัง,,,
122,โครงการศึกษาเพื่อการออกแบบและการดำเนินงานของการควบคุมกระบวนการขั้นสูงสำหรับหม้อน้ำอุตสาหกรรม,2016,บ. โยโกกาว่า (ประเทศไทย) จำกัด,,,
121,โครงการความร่วมมือทางวิชาการในการส่งบุคลากร PEA เข้าศึกษาต่อระดับปริญญาโท หลักสูตรวิศวกรรมศาสตรมหาบัณฑิต ด้านสมาร์ทกริด รุ่นที่ 1,2016,การไฟฟ้าส่วนภูมิภาค,,,
120,โครงการนำร่องเพื่อศึกษาและพัฒนาระบบควบคุมไฟฟ้าสาธารณะ,2016,การไฟฟ้านครหลวง,,,
119,การศึกษาวิเคราะห์ผลกระทบจากระบบผลิตไฟฟ้าเซลล์แสงอาทิตย์ (Solar Photovoltaic) และการกำหนดมาตรการรองรับ,2016,การไฟฟ้านครหลวง,,,
118,A Study on Application of Super Conducting Fault Current Limiters (SFCLs) to Glow’s Power System,2015,"Glow Energy Public Co., Ltd. ",,,
117,ที่ปรึกษาเพื่อตรวจพิสูจน์หาสาเหตุการชำรุดของสายเคเบิลใต้น้ำระบบ 22 เควีช่วงอำเภอศรีราชา-เกาะสีชัง จ. ชลบุรี,2015,การไฟฟ้าส่วนภูมิภาค,,,
116,ที่ปรึกษาเพื่อตรวจพิสูจน์หาสาเหตุการชำรุดของสายเคเบิลใต้น้ำระบบ 33 เควีช่วงเกาะปูยู-เกาะยาว จ. สตูล,2015,การไฟฟ้าส่วนภูมิภาค,,,
115,โครงการระบบบริหารจัดการพลังงานในอาคาร,2015,ศูนย์เชี่ยวชาญพิเศษเฉพาะด้านเทคโนโลยีไฟฟ้ากำลัง,,,
114,โครงการวิจัยนำร่องการดำเนินงานด้านการจัดการกำลังไฟฟ้าสูงสุดในภาคประชาชน,2015,สำนักงานนโยบายและแผนพลังงาน (สนพ.),,,
113,งานตรวจสอบและทดสอบ FRTU เพื่อต่อเข้าระบบ DMS,2015,การไฟฟ้านครหลวง,,,
112,การศึกษาและจัดทำงานวิจัยและพัฒนาเครื่องวัดกระแสรั่วในกับดักฟ้าผ่า 22 kV และ 33 kV (ระยะที่ 2: การสร้างเครื่องต้นแบบและทดลองการใช้งาน),2015,การไฟฟ้าส่วนภูมิภาค,,,
111,โครงการที่ปรึกษาควบคุมงานไฟฟ้าและระบบ SCADA โครงการก่อสร้างท่อส่งน้ำดิบ อ่างฯ ประแสร์ อ่างฯ หนองปลาไหลฯ,2015,บริษัทจัดการและพัฒนาทรัพยากรน้ำภาคตะวันออก จำกัด (มหาชน),,,
110,โครงการจ้างที่ปรึกษาปรับปรุงแผนที่นำทางการพัฒนาระบบโครงข่ายไฟฟ้าอัจฉริยะของ กฟภ. ให้สอดคล้องกับนโยบายภาครัฐ,2015,การไฟฟ้าส่วนภูมิภาค,,,
109,การเพิ่มสมรรถนะของระบบวิเคราะห์เหตุขัดข้องในระบบไฟฟ้าแบบอัตโนมัติของ กฟผ. ด้วยเทคนิคการรู้จำแบบและการคิดผลของความเหนี่ยวนำร่วมระหว่างเวลา,2015,การไฟฟ้าฝ่ายผลิตแห่งประเทศไทย,,,
108,โครงการจ้างที่ปรึกษาบริหารโครงการจัดหาและติดตั้งเพื่อทดแทนระบบ SCADA/EMS สำหรับการไฟฟ้านครหลวง,2015,การไฟฟ้านครหลวง,,,
107,โครงการจ้างที่ปรึกษาออกแบบแผนพัฒนาศูนย์บริการลูกค้าสำหรับ กฟภ. ระยะที่ 2,2014,การไฟฟ้าส่วนภูมิภาค,,,
106,โครงการออกแบบและพัฒนาโปรแกรมสำหรับการเลือกรูปแบบการจัดเรียงบัสของสถานีไฟฟ้าแรงสูงโดยคำนึงถึงความเชื่อถือได้และความคุ้มค่าทางการเงิน,2014,การไฟฟ้าฝ่ายผลิตแห่งประเทศไทย,,,
105,โครงการเพื่อศึกษาออกแบบระบบวิทยุสื่อสารดิจิตอล,2014,การทางพิเศษแห่งประเทศไทย (EXAT),,,
104,โครงการที่ปรึกษาสนับสนุนการดำเนินงานจ้างเหมา ออกแบบ จัดหาพร้อมติดตั้งระบบสื่อสาร DWDM และ IP Core Network และงานพัฒนาบุคลากรสื่อสารและโทรคมนาคม,2014,การไฟฟ้าส่วนภูมิภาค (PEA),,,
103,โครงการวิจัยการออกแบบและพัฒนาโปรแกรมสำหรับการเลือกรูปแบบการจัดเรียงบัสของสถานีไฟฟ้าแรงสูงโดยคำนึงถึงความเชื่อถือได้และความคุ้มค่าทางการเงิน,2014,การไฟฟ้าฝ่ายผลิตแห่งประเทศไทย,,,
102,A Market Survey of Video Surveillance Systems in Thailand,2014,"Mitsubishi Electric Corporation, Japan ",,,
101,โครงการที่ปรึกษาเพื่อปรับปรุงรายละเอียดสเปคประกอบงานจ้างเหมาก่อสร้างสถานีไฟฟ้าของการไฟฟ้าส่วนภูมิภาค,2014,การไฟฟ้าส่วนภูมิภาค (PEA),,,
100,โครงการออกแบบเชิงรายละเอียดและศึกษาความเป็นไปได้ของโครงการนำร่องระบบโครงข่ายไฟฟ้าอัจฉริยะ จ. แม่ฮ่องสอน,2014,การไฟฟ้าฝ่ายผลิตแห่งประเทศไทย (EGAT),,,
99,โครงการประเมินความเหมาะสมในการจัดทำโครงการคอมพิวเตอร์ซอฟต์แวร์สำเร็จรูปสำหรับธุรกิจหลัก (รซธ.) ของการไฟฟ้าส่วนภูมิภาค ระยะที่ 2,2013,การไฟฟ้าส่วนภูมิภาค (PEA),,,
98,โครงการวิจัยนำร่องเพื่อเพิ่มสมรรถนะการส่องสว่างและการจัดการพลังงานของระบบไฟถนนในเขตจำหน่ายของการไฟฟ้านครหลวง,2013,การไฟฟ้านครหลวง(MEA),,,
97,งานที่ปรึกษาเพื่อดำเนินการจัดทำรายละเอียดทางเทคนิคงานติดตั้งระบบสื่อสาร DWDM และ IP Core Network พร้อมทั้งทบทวนแผนแม่บทเทคโนโลยีสารสนเทศและสื่อสารในส่วนงานด้านสื่อสารของการไฟฟ้าส่วนภูมิภาค,2013,การไฟฟ้าส่วนภูมิภาค (PEA),,,
96,งานที่ปรึกษาเพื่อดำเนินการศึกษาและจัดทำแผนพัฒนาศูนย์บริการลูกค้าของการไฟฟ้าส่วนภูมิภาค,2013,การไฟฟ้าส่วนภูมิภาค (PEA),,,
95,โครงการวิจัยนำร่องเพื่อการศึกษาและทดลองติดตั้งโคมไฟถนนสาธารณะชนิด LED ในเขตกรุงเทพมหานคร,2012,การไฟฟ้านครหลวง (MEA),,,
94,โครงการสำหรับการพัฒนา DCU ต้นแบบสำหรับระบบ AMI,2012,การไฟฟ้าส่วนภูมิภาค (PEA),,,
93,โครงการวิจัยพัฒนามิเตอร์อัจฉริยะแบบเฟสเดียวและแบบสามเฟสสำหรับตาข่ายอัจฉริยะ,2012,การไฟฟ้าส่วนภูมิภาค (PEA),,,
92,โครงการจัดทำแผนที่นำทางระบบโครงข่ายไฟฟ้าอัจฉริยะสำหรับการไฟฟ้าผลิตแห่งประเทศไทย,2012,การไฟฟ้าฝ่ายผลิตแห่งประเทศไทย (EGAT),,,
91,"โครงการที่ปรึกษาบริหารจัดการโครงการจัดซื้อพร้อมติดตั้งระบบจัดการการจ่ายพลังงานไฟฟ้าในระบบจำหน่าย (Distributions Management System, DMS)",2011,การไฟฟ้านครหลวง (MEA),,,
90,โครงการเกณฑ์คุณภาพการส่องสว่างและประสิทธิภาพทางพลังงานของไฟถนนสำหรับการจราจรด้วยรถยนต์และการเดินเท้า,2011,การไฟฟ้าส่วนภูมิภาค (PEA),,,
89,โครงการที่ปรึกษาเพื่อพัฒนาระบบการกำกับดูแลด้านเทคโนโลยีสารสนเทศ โดยใช้กรอบการดำเนินงาน Control Objectives for Information and related Technology : COBIT,2011,การไฟฟ้านครหลวง (MEA),,,
88,โครงการตรวจสอบการจัดหา การประเมินประสิทธิภาพ ประสิทธิผล ความคุ้มค่าการใช้งานครุภัณฑ์คอมพิวเตอร์และการติดตั้งระบบเครือข่ายคอมพิวเตอร์ของ สกพ.,2011,สำนักงานคณะกรรมการกำกับกิจการพลังงาน (Regulator),,,
87,โครงการที่ปรึกษาเพื่อศึกษาระบบ Smart Grid,2011,การไฟฟ้านครหลวง (MEA),,,
86,โครงการที่ปรึกษาจัดทำแผนที่นำทาง (Roadmap) และศึกษาความเหมาะสมโครงการ PEA Smart Grids และ AMI,2011,การไฟฟ้าส่วนภูมิภาค (PEA),,,
85,โครงการงานวิจัยเพื่อพัฒนาการใช้ประโยชน์ฐานข้อมูลเครื่อง Digital Fault Recorder (DFR) ในการทำ Fault Management,2011,การไฟฟ้าส่วนภูมิภาค (PEA),,,
84,โครงการจัดสร้างชุดทดสอบความถี่สูง (Tesla Transformer) สำหรับการทดสอบลูกถ้วยฉนวน,2010,Asian Insulator PCL.,,,
83,"งานวิจัยและพัฒนาเครื่องมือวัดกระแสรั่วในกับดักฟ้าผ่า 22, 33 เควี - เฟสที่ 1 การศึกษาและออกแบบ",2010,การไฟฟ้าส่วนภูมิภาค (PEA),,,
82,โครงการการศึกษาการปรับปรุงโครงข่ายเพื่อจำกัดค่ากระแสลัดวงจรสำหรับระบบส่งไฟฟ้า กฟผ. ในเขตกรุงเทพฯ และปริมณฑล โดยวิธีการออปติไมเซชัน,2010,"การไฟฟ้าฝ่ายผลิตแห่งประเทศไทย,(EGAT) ",,,
81,Review the Work Procedures for Construction of Run-Off Pond,2010,บจก.เก็คโค่-วัน,,,
80,โครงการจัดทำมาตรฐานการปฏิบัติวิชาชีพ (Code of Practice) เรื่องประมวลหลักปฏิบัติวิชาชีพ ด้านการตรวจสอบ และการทดสอบการติดตั้งระบบสัญญาณเตือนอัคคีภัย,2010,สำนักงานสภาวิศวกร,,,
79,โครงการที่ปรึกษาการศึกษาการต่อสัญญาซื้อขายไฟฟ้าในรูปแบบ Intermediate Peak,2009,บมจ.ผลิตไฟฟ้า,,,
78,โครงการที่ปรึกษาควบคุมงานติดตั้งและปรับปรุงระบบโทรทัศน์วงจรปิด (CCTV) ศูนย์ราชการเฉลิมพระเกียรติ 80 พรรษา 5 ธันวาคม 2550,2009,บจก.ธนารักษ์พัฒนาสินทรัพย์,,,
77,Technical Assistance Agreement on Theoretical Study of Electrostatic Adhesion Force of Toner Particle,2009,"Ricoh Company, Ltd. ",,,
76,โครงการจ้างออกแบบสถาปัตยกรรมภายในและวิศวกรรม ICT โครงการก่อสร้างอาคารสำนักงานใหญ่ ธ.ก.ส. พหลโยธิน,2009,ธนาคารเพื่อการเกษตรและสหกรณ์การเกษตร ร่วมกับคณะวิศวกรรมศาสตร์ จุฬาฯ,,,
75,โครงการที่ปรึกษางานศึกษาวิธีการพยากรณ์ความต้องการใช้ไฟฟ้าตามพื้นที่ขนาดเล็ก,2009,"การไฟฟ้าส่วนภูมิภาค,(PEA) ",,,
74,"โครงการที่ปรึกษาออกแบบโครงการปรับปรุงระบบโทรทัศน์วงจรปิด (CCTV), โครงการจัดหา และติดตั้งอุปกรณ์พิเศษระบบรักษาความปลอดภัยโครงการศูนย์ราชการเฉลิมพระเกียรติ 80 พรรษา 5 ธันวาคม 2550",2009,บจก.ธนารักษ์พัฒนาสินทรัพย์,,,
73,โครงการที่ปรึกษา Wastewater Treatment Analysis and Transmission and Distribution Engineering Management,2009,บจก.เอ็กโกเอ็นจิเนียริ่งแอนด์เซอร์วิส,,,
72,โครงการที่ปรึกษาเพื่อประเมินผลโครงการศูนย์บริการข้อมูลผู้ใช้ไฟ (PEA Call Center) ระยะที่ 1และเสนอแนวทางการพัฒนาศูนย์บริการข้อมูลผู้ใช้ไฟ (PEA Call Center) ระยะที่ 2,2009,"การไฟฟ้าส่วนภูมิภาค,(PEA) ",,,
71,"Review and Recommendation Grounding System, Lightning and Surge Protection for Glow’s Power Plant",2009,Glow Energy Public Company Limited,,,
70,งานสร้างอุปกรณ์คอยล์แรงสูงเครื่องทดสอบไฟฟ้า (L) 200 khz,2009,บมจ.เอเชียน อินซูเลเตอร์,,,
69,งานแปลและพิมพ์หนังสือคู่มือการกำกับดูแลกิจการโทรคมนาคม เรื่อง การให้บริการโทรคมนาคมโดยทั่วถึง,2009,สนง.คณะกรรมการกิจการโทรคมนาคมฯ,,,
68,งานจัดทำมาตรฐานการปฏิบัติวิชาชีพ (Code of Practice) เรื่องแนวทางการปฏิบัติด้านประสิทธิผลทางพลังงานของโคมไฟถนน,2009,สภาวิศวกร,,,
67,โครงการที่ปรึกษา Substation Control System and Bay Control Unit and Financial and Economic Analysis of Feasibility Study,2008,บจก.เอ็กโกเอ็นจิเนียริ่งแอนด์เซอร์วิส,,,
66,โครงการพัฒนาระบบวิเคราะห์และรายงานผลเหตุขัดข้องในระบบไฟฟ้าให้เป็นระบบอัตโนมัติโดยการแปลงและรวบรวมข้อมูลจากระบบบันทึกเหตุขัดข้องของ กฟผ.,2008,การไฟฟ้าฝ่ายผลิตแห่งประเทศไทย(EGAT),,,
65,โครงการศึกษาวิจัยเพื่อประเมินอายุและคุณภาพของกับดักเสิร์จที่ติดตั้งในระบบจำหน่ายของ กฟภ.,2008,"การไฟฟ้าส่วนภูมิภาค,(PEA) ",,,
64,โครงการที่ปรึกษาบริหารจัดการโครงการระบบงานธุรกิจหลัก (Core Banking System: CBS) เพื่อช่วยดำเนินการกำกับและติดตามการดำเนินงานการนำระบบธุรกิจหลักมาใช้ในงาน ธ.ก.ส.,2008,"ธนาคารเพื่อการเกษตรและสหกรณ์การเกษตร ,(BAAC) ",,,
63,โครงการที่ปรึกษาเพื่อจัดทำโครงการพัฒนาโปรแกรมเพื่อประเมินระดับฮาร์มอนิกเพื่อการต่อโหลดเข้ากับระบบไฟฟ้ากำลัง,2008,"การไฟฟ้านครหลวง,(MEA) ",,,
62,โครงการที่ปรึกษาการออกแบบระบบควบคุม และการป้องกันระบบไฟฟ้า,2008,บจก.เอ็กโกเอ็นจิเนียริ่งแอนด์เซอร์วิส,,,
61,งานสร้างชุดปรับแรงดัน 0-260 V 6 kVA,2008,บจก.ซันเซอรา,,,
60,โครงการจัดสร้างชุดทดสอบความถี่สูง (Tesla Transformer) สำหรับการทดสอบลูกถ้วยฉนวน,2008,บจก.กรุงเทพฯ อุตสาหกรรมซิแร็มมิคส์,,,
59,งานปรับปรุงและเพิ่มศักยภาพห้องปฏิบัติการไฟฟ้าแรงสูงของการไฟฟ้าส่วนภูมิภาค,2008,"การไฟฟ้าส่วนภูมิภาค,(PEA) ",,,
58,โครงการจัดสร้างชุดทดสอบความถี่สูง (Tesla Transformer) สำหรับการทดสอบลูกถ้วยฉนวน,2008,บจก.ไฟน์อาร์ตเซรามิค,,,
57,โครงการที่ปรึกษาเพื่อจัดทำข้อกำหนดคุณลักษณะทางเทคนิคเอกสารประกวดราคา ตรวจสอบข้อเสนอทางเทคนิค ตรวจสอบข้อเสนอทางเทคนิค ตรวจสอบงานการพัฒนา และติดตั้งระบบโครงการพัฒนาระบบงานภาษีเงินได้,2008,"กรมสรรพากร,(Revenue Department) ",,,
56,โครงการ Efficient Lighting Management Curricula for ASEAN (ELMCA),2007,"สหภาพยุโรป,(EU Commission) ",,,
55,โครงการวิจัยและออกแบบจัดสร้างเครื่องต้นแบบตรวจวัดสภาพของแบตเตอรี่แบบแสดงผลระยะไกลผ่านสายสื่อสาร,2007,"การไฟฟ้านครหลวง,(MEA) ",,,
54,โครงการที่ปรึกษาหลักสูตรด้านวิศวกรรมไฟฟ้าแรงสูง เทคโนโลยีเคเบิลใต้ดิน การออกแบบรีเลย์ระบบป้องกันระบบไฟฟ้าแรงสูง และการออกแบบบำรุงรักษาสถานีไฟฟ้าแรงสูง 115/22 kV,2007,บจก. เอ็กโอเอ็นจิเนียริ่งแอนด์เซอร์วิส,,,
53,โครงการการวิจัยเพื่อจัดทำแผนเชิงกลยุทธ์ด้านการวิจัยและพัฒนาระยะยาวสำหรับการไฟฟ้าฝ่ายผลิตแห่งประเทศไทย,2007,"การไฟฟ้าฝ่ายผลิตแห่งประเทศไทย,(EGAT) ",,,
52,โครงการศึกษาความเป็นไปได้ในการจัดหาระบบจัดการโครงข่ายแบบบูรณาการสำหรับการไฟฟ้าส่วนภูมิภาค,2007,การไฟฟ้าส่วนภูมิภาค (PEA),,,
51,โครงการที่ปรึกษาเพื่อการสนับสนุนงานด้านเทคนิค (ระยะที่ 2),2007,สำนักงานนโยบายและแผนพลังงาน,,,
50,โครงการวิจัยอัลกอริทึมสำหรับกำหนดจุดวิกฤตเชิงเสถียรภาพแรงดันเพื่อการแยกระบบไฟฟ้าไทยออยล์ออกจากระบบส่งไฟฟ้าหลัก,2007,"บมจ.ไทยออยล์,""(Thai Oil Co., Ltd.)"" ",,,
49,โครงการศึกษาและออกแบบชุดตัวเก็บประจุในสถานีไฟฟ้าระดับแรงดัน 115 kV,2007,"การไฟฟ้าส่วนภูมิภาค,(PEA) ",,,
48,โครงการวิจัยเพื่อวิเคราะห์สาเหตุของความเสียหายที่เกิดขึ้นต่อดรอปเอาท์ฟิวส์คัทเอาท์ (Dropout Fuse Cutout) ในระบบจำหน่าย,2007,การไฟฟ้าส่วนภูมิภาค (PEA),,,
47,โครงการจัดสร้างตัวความต้านทานสำหรับชุดกำเนิดแรงดันอิมพัลส์,2007,"บจก.เอบีบี,(ABB) ",,,
46,โครงการจัดสร้างชุดทดสอบความถี่สูง (Tesla Transformer) สำหรับการทดสอบลูกถ้วยฉนวน,2007,บจก.สแตนดาร์ดอินซูเลเตอร์,,,
45,โครงการเปลี่ยนถังฉนวนหม้อแปลงทดสอบสำหรับการทดสอบลูกถ้วยฉนวน,2007,บมจ.เอเชียน อินซูเลเตอร์,,,
44,งานประเมินมูลค่าเครื่องจักรของโรงงานน้ำตาล เอราวัณ,2007,บจก.น้ำตาลเอราวัณ,,,
43,โครงการวิจัยและพัฒนาโครงการพัฒนาต้นแบบระบบสารสนเทศภูมิศาสตร์ เพื่อบริหารแนวเขตเดินสายส่งไฟฟ้าโดยประยุกต์ใช้ระบบตรวจแนวสายส่งไฟฟ้าด้วยเฮลิคอปเตอร์ร่วมกับเทคโนโลยีการสำรวจระยะไกล,2007,การไฟฟ้าฝ่ายผลิตแห่งประเทศไทย (EGAT),,,
42,โครงการที่ปรึกษาการพัฒนาและปรับปรุงระบบควบคุมการรับ-จ่ายน้ำมัน ณ คลังน้ำมันชายฝั่งโครงการ 1 และโครงการ 2,2007,กรมสรรพสามิต,,,
41,ที่ปรึกษาบริหารโครงการก่อสร้างอาคารสำนักงานใหญ่ ธ.ก.ส. พหลโยธิน,2006,ธนาคารเพื่อการเกษตรและสหกรณ์การเกษตร (BAAC) ร่วมกับคณะวิศวกรรมศาสตร์,,,
40,โครงการที่ปรึกษาโครงการออกแบบระบบความมั่นคงปลอดภัยสำหรับระบบคอมพิวเตอร์และเทคโนโลยีสารสนเทศ,2006,ธนาคารเพื่อการเกษตรและสหกรณ์การเกษตร (ธ.ก.ส.),,,
39,โครงการที่ปรึกษาเพื่อจัดทำโครงการวิจัยการจัดสร้างเครื่องกำเนิดแรงดันสูงความถี่สูง,2006,การไฟฟ้านครหลวง (MEA),,,
38,โครงการที่ปรึกษาเพื่อจัดทำโครงการจัดสร้างเครื่องมือทดสอบวัฏจักรความร้อน (Heat cycle test) ตาม ANSI C119.4,2006,การไฟฟ้านครหลวง (MEA),,,
37,ที่ปรึกษาบริหารจัดการโครงการพัฒนาและติดตั้งโปรแกรมสำเร็จรูปบริหารทรัพยากรองค์กร (ERP) ระบบบริการผู้ใช้ไฟฟ้า (CSS) และระบบจัดทำใบเสร็จรับเงินค่าไฟฟ้า (Billing),2006,การไฟฟ้านครหลวง (MEA) ร่วมกับคณะวิศวกรรมศาสตร์,,,
36,โครงการการศึกษาวิเคราะห์ศักยภาพทางเทคโนโลยีเครื่องกำเนิดไฟฟ้าด้วยความร้อนเหลือทิ้งขนาด 100 วัตต์,2006,การไฟฟ้าฝ่ายผลิตแห่งประเทศไทย (EGAT),,,
35,ที่ปรึกษากำหนดโครงสร้างค่าบริการพาดสายสื่อสารโทรคมนาคมบนเสาไฟฟ้าและค่าบริการสายสื่อสารโทรคมนาคม,2006,การไฟฟ้าส่วนภูมิภาค (PEA),,,
34,โครงการดำเนินการศึกษาวิเคราะห์ศักยภาพทางเทคโนโลยีบัลลาสต์แกนเหล็ก,2006,บมจ.กฟผ (EGAT),,,
33,โครงการที่ปรึกษาเพื่อสนับสนุนงานด้านเทคนิค,2006,สำนักงานนโยบายและแผนพลังงาน (สนพ.),,,
32,Consultancy Service of 115/22 kV Substation,2006,บจก.สยามกัลฟ์ปิโตรเคมีคัล,,,
31,โครงการที่ปรึกษาเพื่อศึกษาผลกระทบของสนามแม่เหล็กไฟฟ้าที่มีต่อวัตถุโลหะและอุปกรณ์อิเล็กทรอนิกส์บริเวณแหล่งชุมชนใกล้สายส่งไฟฟ้าแรงสูง 500 เควี Compact Lines,2005,"บมจ.กฟผ,(EGAT) ",,,
30,โครงการศึกษารูปแบบการก่อสร้างสายใต้ดินที่เหมาะสมกับสภาพพื้นที่การจ่ายไฟของ กฟน.,2005,"การไฟฟ้านครหลวง,(MEA) ",,,
29,โครงการประยุกต์ใช้ระบบสืบค้นข้อมูลทาง Intranet (ห้องสมุด Electronic) และการจัดทำฐานข้อมูลด้านวิศวกรรมไฟฟ้า,2005,การไฟฟ้านครหลวง (MEA),,,
28,โครงการสร้างเครื่องทดสอบลูกถ้วยแบบความถี่สูงและอื่น ๆ,2005,บจก.พีพีซี เอเชียนอินซูเลเตอร์,,,
27,โครงการด้านการออกแบบและก่อสร้างห้องทดสอบ,2004,บจก.เฟ้ลปส์ดอด์จไทยแลนด์,,,
26,โครงการออกแบบปรับปรุงต่อเติมอาคารห้องประชุมใหญ่ ธ.ก.ส.,2004,ธ.ก.ส. (BAAC),,,
25,โครงการที่ปรึกษาความเหมาะสมและความเป็นไปได้ในการพัฒนาเทคนิคและธุรกิจการให้บริการระบบสื่อสารผ่านสายไฟฟ้า,2004,การไฟฟ้านครหลวง (MEA),,,
24,โครงการที่ปรึกษาโครงการศึกษาการกำหนดยุทธศาสตร์เพื่อการพัฒนากิจการพลังงานของประเทศไทยและการปรับปรุงประสิทธิภาพกินการไฟฟ้า,2004,การไฟฟ้าส่วนภูมิภาค (PEA),,,
23,โครงการจัดทำโปรแกรมคอมพิวเตอร์สำหรับปรับเทียบวัดปริมาตรน้ำมันภายในถังน้ำมันใต้ดิน,2004,บจก.ผดุงศิลป์วิศวการ,,,
22,โครงการจัดสร้างเครื่องกำเนิดแรงดันอิมพัลส์ขนาด 10 kV Load 300 nFจำนวน 1 ชุด,2003,บจก.เซฟ-ที-คัทแมนูแฟคเจอริ่ง,,,
21,โครงการที่ปรึกษาเพื่อจัดทำโครงการวิจัยและจัดสร้างโปรแกรมคำนวณสนามแม่เหล็กไฟฟ้าจากระบบส่งและจำหน่าย,2003,"การไฟฟ้านครหลวง,(MEA) ",,,
20,โครงการที่ปรึกษาเพื่อจัดทำโครงการศึกษาปัญหาแรงดันเกินเนื่องจากการสับ-ปลดสวิตช์ในสายป้อนของการไฟฟ้านครหลวง,2003,การไฟฟ้านครหลวง (MEA),,,
19,โครงการศึกษาความเหมาะสมของโครงการเพิ่มความเชื่อถือได้ของระบบไฟฟ้าระยะที่ 2 ของการไฟฟ้าส่วนภูมิภาค,2003,การไฟฟ้าส่วนภูมิภาค (PEA),,,
18,โครงการศึกษาแนวทางการลงทุนจัดตั้งอุตสาหกรรมผลิตเซลล์แสงอาทิตย์ในประเทศไทย,2003,กรมพัฒนาพลังงานทดแทนและอนุรักษ์พลังงาน (DEDE),,,
17,โครงการที่ปรึกษาเพื่อจัดทำโครงการวิจัยและจัดสร้างต้นแบบ Active Filter,2003,การไฟฟ้านครหลวง (MEA),,,
16,โครงการ Capacitor Bank Switching in PEA Substation,2003,EPRI Worldwide S.A.,,,
15,โครงการรวบรวมข้อมูลที่เกี่ยวข้องกับผลของสนามแม่เหล็กไฟฟ้าความถี่กำลังที่มีต่อสิ่งมีชีวิต,2003,"การไฟฟ้าฝ่ายผลิตแห่งประเทศไทย,(EGAT) ",,,
14,โครงการที่ปรึกษาโครงการศึกษาเบื้องต้นของผลกระทบของไฟฟ้าและคลื่นแม่เหล็กไฟฟ้าที่มีต่อสิ่งมีชีวิต,2003,"การไฟฟ้าฝ่ายผลิตแห่งประเทศไทย,(EGAT) ",,,
13,โครงการสร้างเครื่องทดสอบลูกถ้วยแบบความถี่สูงให้แก่การไฟฟ้าส่วนภูมิภาค,2003,"การไฟฟ้าส่วนภูมิภาค,(PEA) ",,,
12,โครงการปรับปรุงและสร้างเครื่องมือทดสอบสำหรับห้องปฏิบัติการไฟฟ้าแรงสูงให้แก่การไฟฟ้าส่วนภูมิภาค,2003,"การไฟฟ้าส่วนภูมิภาค,(PEA) ",,,
11,โครงการศึกษา สำรวจ ออกแบบระบบไฟฟ้าใต้ดิน,2002,เทศบาลเมืองน่าน,,,
10,โครงการศึกษาผลกระทบของผู้ผลิตไฟฟ้ารายเล็กต่อการสูญเสียพลังงานในระบบไฟฟ้า,2002,สำนักงานคณะกรรมการนโยบายพลังงานแห่งชาติ,,,
9,โครงการวิจัยรูปแบบกราวด์กริดในสถานีไฟฟ้าและการต่อลงดินระบบจำหน่ายแรงสูงและแรงต่ำ,2002,การไฟฟ้าส่วนภูมิภาค (PEA),,,
8,โครงการที่ปรึกษาโครงการวิเคราะห์ปัญหาที่เกิดกับคอนเนกเตอร์ต่อแยกสายที่ติดตั้งในระบบจำหน่ายของการไฟฟ้าส่วนภูมิภาค,2002,การไฟฟ้าส่วนภูมิภาค (PEA),,,
7,โครงการวิจัยและออกแบบจัดสร้างเครื่องวัดหน่วยไฟฟ้าชนิด TOU (แบบเฟสเดียว),2002,การไฟฟ้านครหลวง (MEA),,,
6,โครงการซ่อมแซมและปรับปรุงชุด Integrating Sphere Photometer และ Spectro-colorimeter,2002,JICA,,,
5,โครงการที่ปรึกษาควบคุมดูและตรวจสอบการติดตั้งสาย Optical Fiber Cable บนเสาของการไฟฟ้านครหลวงจาก SDH Node จำนวน 16 แห่ง ไปยังสถานีไฟฟ้าย่อย 124 สถานี รวมระยะทางทั้งสิ้น 810 กิโลเมตร,2000,"การไฟฟ้านครหลวง,(MEA) ",,,
4,โครงการวิจัยการศึกษาการเกิด Surge Voltage ในระบบส่งระยะที่ 2 เชื่อนรัชชประภา,1999,การไฟฟ้าฝ่ายผลิตแห่งประเทศไทย (EGAT),,,
3,โครงการการศึกษาค่าตัวประกอบกำลังไฟฟ้าที่เหมาะสมของระบบไฟฟ้าไทย,1998,สำนักงานนโยบายและแผนพลังงาน (สนพ),,,
2,โครงการการศึกษา Transient Switching Surge ในระบบ 69 kV ของสถานีต้นทางลาดพร้าว ขณะปลดสวิตช์ตัดตอนสายส่งที่ไม่มีโหลด,1997,"การไฟฟ้านครหลวง,(MEA) ",,,
1,โครงการการศึกษาฮาร์มอนิกในระบบจำหน่ายของการไฟฟ้านครหลวง,1996,"การไฟฟ้านครหลวง,(MEA) ",,,